{
  "mean": [
    277.14991332828424,
    3.8061906228008,
    1362.8301711669567,
    29.156264912725195,
    -0.0001488146566343459,
    8.639857281699144e-05,
    1.0000000000001135,
    34.75638390717355,
    0.6580879751931045,
    0.00028594267085960774
  ],
  "scale": [
    17.600415431393053,
    4.996958923838216,
    796.0751430809097,
    68.8226394869352,
    22.78849103980007,
    3.9935425420114656,
    9.124015105734193e-10,
    12.189764634031704,
    0.6327830276832512,
    0.17153519012956447
  ]
}