{
  "mean": [
    142.25967157616776,
    3.5676508560940654,
    635.9378633904394,
    16.520853955427857,
    1.1263708972285581e-07,
    1.271437542337093e-07,
    1.0000000011260433
  ],
  "scale": [
    135.83560758590238,
    9.960201153946878,
    867.4447952608547,
    72.25659454825748,
    22.465312616553394,
    3.96862260102056,
    8.867862393270387e-07
  ]
}